Sample	echantillon	name	animal	site	lineage	time	short_ID
B1_minus_S1	B1_minus_S1_16S	B1	1	B	minus	1S	B1_1S
V39_minus_M3	V39_minus_M3_16S	V39	39	V	minus	3M	V39_3M
V9_plus_M1	V9_plus_M1_16S	V9	9	V	plus	1M	V9_1M
L40B_plus_M3	L40B_plus_M3_16S	L40B	40	L	plus	3M	L40B_3M
V25_plus_M7	V25_plus_M7_16S	V25	25	V	plus	7M	V25_7M
B13_plus_S1	B13_plus_S1_16S	B13	13	B	plus	1S	B13_1S
L36D_minus_M3	L36D_minus_M3_16S	L36D	36	L	minus	3M	L36D_3M
L39A_minus_M1	L39A_minus_M1_16S	L39A	39	L	minus	1M	L39A_1M
N34_minus_M1	N34_minus_M1_16S	N34	34	N	minus	1M	N34_1M
L26A_plus_M7	L26A_plus_M7_16S	L26A	26	L	plus	7M	L26A_7M
V28_plus_S1	V28_plus_S1_16S	V28	28	V	plus	1S	V28_1S
N44_plus_M3	N44_plus_M3_16S	N44	44	N	plus	3M	N44_3M
V23_minus_M1	V23_minus_M1_16S	V23	23	V	minus	1M	V23_1M
L10C_plus_M1	L10C_plus_M1_16S	L10C	10	L	plus	1M	L10C_1M
N3_minus_M7	N3_minus_M7_16S	N3	3	N	minus	7M	N3_7M
B25_plus_M1	B25_plus_M1_16S	B25	25	B	plus	1M	B25_1M
L30B_plus_M1	L30B_plus_M1_16S	L30B	30	L	plus	1M	L30B_1M
L37D_minus_M3	L37D_minus_M3_16S	L37D	37	L	minus	3M	L37D_3M
L43A_plus_M3	L43A_plus_M3_16S	L43A	43	L	plus	3M	L43A_3M
V28_plus_M1	V28_plus_M1_16S	V28	28	V	plus	1M	V28_1M
L9D_plus_M1	L9D_plus_M1_16S	L9D	9	L	plus	1M	L9D_1M
L37A_minus_M3	L37A_minus_M3_16S	L37A	37	L	minus	3M	L37A_3M
N11_plus_M7	N11_plus_M7_16S	N11	11	N	plus	7M	N11_7M
N43_plus_S1	N43_plus_S1_16S	N43	43	N	plus	1S	N43_1S
L24B_minus_M7	L24B_minus_M7_16S	L24B	24	L	minus	7M	L24B_7M
B26_plus_M3	B26_plus_M3_16S	B26	26	B	plus	3M	B26_3M
V27_plus_M3	V27_plus_M3_16S	V27	27	V	plus	3M	V27_3M
V35_minus_M1	V35_minus_M1_16S	V35	35	V	minus	1M	V35_1M
V40_plus_M1	V40_plus_M1_16S	V40	40	V	plus	1M	V40_1M
L44A_plus_M7	L44A_plus_M7_16S	L44A	44	L	plus	7M	L44A_7M
N36_minus_M3	N36_minus_M3_16S	N36	36	N	minus	3M	N36_3M
L35B_minus_M7	L35B_minus_M7_16S	L35B	35	L	minus	7M	L35B_7M
N15_plus_M7	N15_plus_M7_16S	N15	15	N	plus	7M	N15_7M
L24B_minus_M1	L24B_minus_M1_16S	L24B	24	L	minus	1M	L24B_1M
L1D_minus_M3	L1D_minus_M3_16S	L1D	1	L	minus	3M	L1D_3M
L6B_minus_M3	L6B_minus_M3_16S	L6B	6	L	minus	3M	L6B_3M
N29_plus_S1	N29_plus_S1_16S	N29	29	N	plus	1S	N29_1S
L5A_minus_M1	L5A_minus_M1_16S	L5A	5	L	minus	1M	L5A_1M
L39B_minus_M1	L39B_minus_M1_16S	L39B	39	L	minus	1M	L39B_1M
B12_plus_M3	B12_plus_M3_16S	B12	12	B	plus	3M	B12_3M
N6_minus_M1	N6_minus_M1_16S	N6	6	N	minus	1M	N6_1M
V26_plus_M7	V26_plus_M7_16S	V26	26	V	plus	7M	V26_7M
V24_minus_S1	V24_minus_S1_16S	V24	24	V	minus	1S	V24_1S
L26D_plus_M7	L26D_plus_M7_16S	L26D	26	L	plus	7M	L26D_7M
L19D_minus_M1	L19D_minus_M1_16S	L19D	19	L	minus	1M	L19D_1M
N20_minus_M3	N20_minus_M3_16S	N20	20	N	minus	3M	N20_3M
L38B_minus_M3	L38B_minus_M3_16S	L38B	38	L	minus	3M	L38B_3M
B5_minus_M3	B5_minus_M3_16S	B5	5	B	minus	3M	B5_3M
L38C_minus_M1	L38C_minus_M1_16S	L38C	38	L	minus	1M	L38C_1M
N25_plus_M7	N25_plus_M7_16S	N25	25	N	plus	7M	N25_7M
B32_plus_M3	B32_plus_M3_16S	B32	32	B	plus	3M	B32_3M
V32_plus_M1	V32_plus_M1_16S	V32	32	V	plus	1M	V32_1M
L40D_plus_M3	L40D_plus_M3_16S	L40D	40	L	plus	3M	L40D_3M
V20_minus_M3	V20_minus_M3_16S	V20	20	V	minus	3M	V20_3M
V41_plus_M7	V41_plus_M7_16S	V41	41	V	plus	7M	V41_7M
L18C_plus_M7	L18C_plus_M7_16S	L18C	18	L	plus	7M	L18C_7M
B15_plus_M1	B15_plus_M1_16S	B15	15	B	plus	1M	B15_1M
N16_plus_S1	N16_plus_S1_16S	N16	16	N	plus	1S	N16_1S
L7D_minus_M1	L7D_minus_M1_16S	L7D	7	L	minus	1M	L7D_1M
L14D_plus_M3	L14D_plus_M3_16S	L14D	14	L	plus	3M	L14D_3M
B22_minus_M1	B22_minus_M1_16S	B22	22	B	minus	1M	B22_1M
B19_minus_M3	B19_minus_M3_16S	B19	19	B	minus	3M	B19_3M
L43B_plus_M3	L43B_plus_M3_16S	L43B	43	L	plus	3M	L43B_3M
L31D_plus_M3	L31D_plus_M3_16S	L31D	31	L	plus	3M	L31D_3M
L14C_plus_M3	L14C_plus_M3_16S	L14C	14	L	plus	3M	L14C_3M
L42C_plus_M1	L42C_plus_M1_16S	L42C	42	L	plus	1M	L42C_1M
L1A_minus_M3	L1A_minus_M3_16S	L1A	1	L	minus	3M	L1A_3M
V32_plus_M7	V32_plus_M7_16S	V32	32	V	plus	7M	V32_7M
N19_minus_S1	N19_minus_S1_16S	N19	19	N	minus	1S	N19_1S
B17_plus_M7	B17_plus_M7_16S	B17	17	B	plus	7M	B17_7M
L44B_plus_M1	L44B_plus_M1_16S	L44B	44	L	plus	1M	L44B_1M
V21_minus_M7	V21_minus_M7_16S	V21	21	V	minus	7M	V21_7M
L7D_minus_M3	L7D_minus_M3_16S	L7D	7	L	minus	3M	L7D_3M
L14B_plus_M1	L14B_plus_M1_16S	L14B	14	L	plus	1M	L14B_1M
L36D_minus_M7	L36D_minus_M7_16S	L36D	36	L	minus	7M	L36D_7M
L29C_plus_M1	L29C_plus_M1_16S	L29C	29	L	plus	1M	L29C_1M
L40A_plus_M1	L40A_plus_M1_16S	L40A	40	L	plus	1M	L40A_1M
L33C_minus_M7	L33C_minus_M7_16S	L33C	33	L	minus	7M	L33C_7M
V43_plus_S1	V43_plus_S1_16S	V43	43	V	plus	1S	V43_1S
L24A_minus_M7	L24A_minus_M7_16S	L24A	24	L	minus	7M	L24A_7M
N45_plus_S1	N45_plus_S1_16S	N45	45	N	plus	1S	N45_1S
B43_plus_M3	B43_plus_M3_16S	B43	43	B	plus	3M	B43_3M
L37B_minus_M1	L37B_minus_M1_16S	L37B	37	L	minus	1M	L37B_1M
L41A_plus_M1	L41A_plus_M1_16S	L41A	41	L	plus	1M	L41A_1M
V3_minus_M3	V3_minus_M3_16S	V3	3	V	minus	3M	V3_3M
L13A_plus_M1	L13A_plus_M1_16S	L13A	13	L	plus	1M	L13A_1M
L2B_minus_M3	L2B_minus_M3_16S	L2B	2	L	minus	3M	L2B_3M
L24A_minus_M3	L24A_minus_M3_16S	L24A	24	L	minus	3M	L24A_3M
N14_plus_M3	N14_plus_M3_16S	N14	14	N	plus	3M	N14_3M
L10D_plus_M7	L10D_plus_M7_16S	L10D	10	L	plus	7M	L10D_7M
N22_minus_M3	N22_minus_M3_16S	N22	22	N	minus	3M	N22_3M
L2A_minus_M7	L2A_minus_M7_16S	L2A	2	L	minus	7M	L2A_7M
V19_minus_M3	V19_minus_M3_16S	V19	19	V	minus	3M	V19_3M
L33C_minus_M3	L33C_minus_M3_16S	L33C	33	L	minus	3M	L33C_3M
N25_plus_M3	N25_plus_M3_16S	N25	25	N	plus	3M	N25_3M
V33_minus_M3	V33_minus_M3_16S	V33	33	V	minus	3M	V33_3M
B20_minus_S1	B20_minus_S1_16S	B20	20	B	minus	1S	B20_1S
L11A_plus_M1	L11A_plus_M1_16S	L11A	11	L	plus	1M	L11A_1M
L2D_minus_M3	L2D_minus_M3_16S	L2D	2	L	minus	3M	L2D_3M
L4B_minus_M3	L4B_minus_M3_16S	L4B	4	L	minus	3M	L4B_3M
L7A_minus_M3	L7A_minus_M3_16S	L7A	7	L	minus	3M	L7A_3M
N43_plus_M7	N43_plus_M7_16S	N43	43	N	plus	7M	N43_7M
L36D_minus_M1	L36D_minus_M1_16S	L36D	36	L	minus	1M	L36D_1M
V35_minus_M7	V35_minus_M7_16S	V35	35	V	minus	7M	V35_7M
N17_plus_M3	N17_plus_M3_16S	N17	17	N	plus	3M	N17_3M
L40D_plus_M1	L40D_plus_M1_16S	L40D	40	L	plus	1M	L40D_1M
L31B_plus_M3	L31B_plus_M3_16S	L31B	31	L	plus	3M	L31B_3M
L28D_plus_M3	L28D_plus_M3_16S	L28D	28	L	plus	3M	L28D_3M
V45_plus_S1	V45_plus_S1_16S	V45	45	V	plus	1S	V45_1S
N37_minus_M7	N37_minus_M7_16S	N37	37	N	minus	7M	N37_7M
N10_plus_M3	N10_plus_M3_16S	N10	10	N	plus	3M	N10_3M
B34_minus_M7	B34_minus_M7_16S	B34	34	B	minus	7M	B34_7M
L9C_plus_M1	L9C_plus_M1_16S	L9C	9	L	plus	1M	L9C_1M
L5C_minus_M3	L5C_minus_M3_16S	L5C	5	L	minus	3M	L5C_3M
N32_plus_S1	N32_plus_S1_16S	N32	32	N	plus	1S	N32_1S
L20A_minus_M7	L20A_minus_M7_16S	L20A	20	L	minus	7M	L20A_7M
L6B_minus_M1	L6B_minus_M1_16S	L6B	6	L	minus	1M	L6B_1M
V30_plus_M7	V30_plus_M7_16S	V30	30	V	plus	7M	V30_7M
L36A_minus_M1	L36A_minus_M1_16S	L36A	36	L	minus	1M	L36A_1M
L40A_plus_M7	L40A_plus_M7_16S	L40A	40	L	plus	7M	L40A_7M
B3_minus_M3	B3_minus_M3_16S	B3	3	B	minus	3M	B3_3M
V3_minus_M1	V3_minus_M1_16S	V3	3	V	minus	1M	V3_1M
L3B_minus_M1	L3B_minus_M1_16S	L3B	3	L	minus	1M	L3B_1M
L3A_minus_M1	L3A_minus_M1_16S	L3A	3	L	minus	1M	L3A_1M
N7_minus_M7	N7_minus_M7_16S	N7	7	N	minus	7M	N7_7M
N28_plus_S1	N28_plus_S1_16S	N28	28	N	plus	1S	N28_1S
L25B_plus_M1	L25B_plus_M1_16S	L25B	25	L	plus	1M	L25B_1M
L11C_plus_M1	L11C_plus_M1_16S	L11C	11	L	plus	1M	L11C_1M
L29B_plus_M3	L29B_plus_M3_16S	L29B	29	L	plus	3M	L29B_3M
B16_plus_M1	B16_plus_M1_16S	B16	16	B	plus	1M	B16_1M
L29A_plus_M3	L29A_plus_M3_16S	L29A	29	L	plus	3M	L29A_3M
L5D_minus_M1	L5D_minus_M1_16S	L5D	5	L	minus	1M	L5D_1M
L20D_minus_M1	L20D_minus_M1_16S	L20D	20	L	minus	1M	L20D_1M
L21A_minus_M3	L21A_minus_M3_16S	L21A	21	L	minus	3M	L21A_3M
L31A_plus_M7	L31A_plus_M7_16S	L31A	31	L	plus	7M	L31A_7M
L42D_plus_M1	L42D_plus_M1_16S	L42D	42	L	plus	1M	L42D_1M
B3_minus_S1	B3_minus_S1_16S	B3	3	B	minus	1S	B3_1S
L35C_minus_M1	L35C_minus_M1_16S	L35C	35	L	minus	1M	L35C_1M
L14B_plus_M3	L14B_plus_M3_16S	L14B	14	L	plus	3M	L14B_3M
L17D_plus_M3	L17D_plus_M3_16S	L17D	17	L	plus	3M	L17D_3M
L1B_minus_M3	L1B_minus_M3_16S	L1B	1	L	minus	3M	L1B_3M
V5_minus_M1	V5_minus_M1_16S	V5	5	V	minus	1M	V5_1M
L19C_minus_M3	L19C_minus_M3_16S	L19C	19	L	minus	3M	L19C_3M
N8_plus_M7	N8_plus_M7_16S	N8	8	N	plus	7M	N8_7M
L24C_minus_M7	L24C_minus_M7_16S	L24C	24	L	minus	7M	L24C_7M
L33C_minus_M1	L33C_minus_M1_16S	L33C	33	L	minus	1M	L33C_1M
B39_minus_M1	B39_minus_M1_16S	B39	39	B	minus	1M	B39_1M
L14D_plus_M7	L14D_plus_M7_16S	L14D	14	L	plus	7M	L14D_7M
L29D_plus_M3	L29D_plus_M3_16S	L29D	29	L	plus	3M	L29D_3M
L44C_plus_M1	L44C_plus_M1_16S	L44C	44	L	plus	1M	L44C_1M
L13C_plus_M1	L13C_plus_M1_16S	L13C	13	L	plus	1M	L13C_1M
L7B_minus_M3	L7B_minus_M3_16S	L7B	7	L	minus	3M	L7B_3M
V31_plus_S1	V31_plus_S1_16S	V31	31	V	plus	1S	V31_1S
B20_minus_M3	B20_minus_M3_16S	B20	20	B	minus	3M	B20_3M
L19A_minus_M1	L19A_minus_M1_16S	L19A	19	L	minus	1M	L19A_1M
B24_minus_M3	B24_minus_M3_16S	B24	24	B	minus	3M	B24_3M
L44C_plus_M3	L44C_plus_M3_16S	L44C	44	L	plus	3M	L44C_3M
L27A_plus_M7	L27A_plus_M7_16S	L27A	27	L	plus	7M	L27A_7M
L38D_minus_M3	L38D_minus_M3_16S	L38D	38	L	minus	3M	L38D_3M
L24C_minus_M3	L24C_minus_M3_16S	L24C	24	L	minus	3M	L24C_3M
N27_plus_M7	N27_plus_M7_16S	N27	27	N	plus	7M	N27_7M
L23B_minus_M1	L23B_minus_M1_16S	L23B	23	L	minus	1M	L23B_1M
L17B_plus_M7	L17B_plus_M7_16S	L17B	17	L	plus	7M	L17B_7M
V32_plus_M3	V32_plus_M3_16S	V32	32	V	plus	3M	V32_3M
L2B_minus_M7	L2B_minus_M7_16S	L2B	2	L	minus	7M	L2B_7M
N39_minus_M3	N39_minus_M3_16S	N39	39	N	minus	3M	N39_3M
L19D_minus_M7	L19D_minus_M7_16S	L19D	19	L	minus	7M	L19D_7M
B24_minus_M1	B24_minus_M1_16S	B24	24	B	minus	1M	B24_1M
L17C_plus_M7	L17C_plus_M7_16S	L17C	17	L	plus	7M	L17C_7M
N35_minus_S1	N35_minus_S1_16S	N35	35	N	minus	1S	N35_1S
V38_minus_M1	V38_minus_M1_16S	V38	38	V	minus	1M	V38_1M
V29_plus_M1	V29_plus_M1_16S	V29	29	V	plus	1M	V29_1M
V36_minus_M3	V36_minus_M3_16S	V36	36	V	minus	3M	V36_3M
L44D_plus_M7	L44D_plus_M7_16S	L44D	44	L	plus	7M	L44D_7M
L27A_plus_M1	L27A_plus_M1_16S	L27A	27	L	plus	1M	L27A_1M
N37_minus_S1	N37_minus_S1_16S	N37	37	N	minus	1S	N37_1S
L4B_minus_M7	L4B_minus_M7_16S	L4B	4	L	minus	7M	L4B_7M
N31_plus_M3	N31_plus_M3_16S	N31	31	N	plus	3M	N31_3M
N18_plus_M3	N18_plus_M3_16S	N18	18	N	plus	3M	N18_3M
N42_plus_M1	N42_plus_M1_16S	N42	42	N	plus	1M	N42_1M
V17_plus_M7	V17_plus_M7_16S	V17	17	V	plus	7M	V17_7M
V2_minus_M3	V2_minus_M3_16S	V2	2	V	minus	3M	V2_3M
N18_plus_M7	N18_plus_M7_16S	N18	18	N	plus	7M	N18_7M
V42_plus_M1	V42_plus_M1_16S	V42	42	V	plus	1M	V42_1M
V16_plus_M7	V16_plus_M7_16S	V16	16	V	plus	7M	V16_7M
L12C_plus_M1	L12C_plus_M1_16S	L12C	12	L	plus	1M	L12C_1M
N12_plus_M3	N12_plus_M3_16S	N12	12	N	plus	3M	N12_3M
N5_minus_M3	N5_minus_M3_16S	N5	5	N	minus	3M	N5_3M
L40C_plus_M7	L40C_plus_M7_16S	L40C	40	L	plus	7M	L40C_7M
L18A_plus_M3	L18A_plus_M3_16S	L18A	18	L	plus	3M	L18A_3M
B4_minus_M3	B4_minus_M3_16S	B4	4	B	minus	3M	B4_3M
B19_minus_M1	B19_minus_M1_16S	B19	19	B	minus	1M	B19_1M
B19_minus_M7	B19_minus_M7_16S	B19	19	B	minus	7M	B19_7M
L32A_plus_M1	L32A_plus_M1_16S	L32A	32	L	plus	1M	L32A_1M
L17D_plus_M7	L17D_plus_M7_16S	L17D	17	L	plus	7M	L17D_7M
N21_minus_S1	N21_minus_S1_16S	N21	21	N	minus	1S	N21_1S
L24A_minus_M1	L24A_minus_M1_16S	L24A	24	L	minus	1M	L24A_1M
V23_minus_M7	V23_minus_M7_16S	V23	23	V	minus	7M	V23_7M
V30_plus_M1	V30_plus_M1_16S	V30	30	V	plus	1M	V30_1M
L8A_plus_M1	L8A_plus_M1_16S	L8A	8	L	plus	1M	L8A_1M
L4A_minus_M3	L4A_minus_M3_16S	L4A	4	L	minus	3M	L4A_3M
N22_minus_M1	N22_minus_M1_16S	N22	22	N	minus	1M	N22_1M
V4_minus_M3	V4_minus_M3_16S	V4	4	V	minus	3M	V4_3M
N36_minus_S1	N36_minus_S1_16S	N36	36	N	minus	1S	N36_1S
N13_plus_M1	N13_plus_M1_16S	N13	13	N	plus	1M	N13_1M
V20_minus_M1	V20_minus_M1_16S	V20	20	V	minus	1M	V20_1M
V26_plus_M3	V26_plus_M3_16S	V26	26	V	plus	3M	V26_3M
L22B_minus_M3	L22B_minus_M3_16S	L22B	22	L	minus	3M	L22B_3M
V29_plus_S1	V29_plus_S1_16S	V29	29	V	plus	1S	V29_1S
V3_minus_M7	V3_minus_M7_16S	V3	3	V	minus	7M	V3_7M
L27D_plus_M1	L27D_plus_M1_16S	L27D	27	L	plus	1M	L27D_1M
N1_minus_M3	N1_minus_M3_16S	N1	1	N	minus	3M	N1_3M
B11_plus_S1	B11_plus_S1_16S	B11	11	B	plus	1S	B11_1S
N3_minus_M1	N3_minus_M1_16S	N3	3	N	minus	1M	N3_1M
N37_minus_M1	N37_minus_M1_16S	N37	37	N	minus	1M	N37_1M
L13A_plus_M7	L13A_plus_M7_16S	L13A	13	L	plus	7M	L13A_7M
N17_plus_S1	N17_plus_S1_16S	N17	17	N	plus	1S	N17_1S
L15C_plus_M3	L15C_plus_M3_16S	L15C	15	L	plus	3M	L15C_3M
L34B_minus_M3	L34B_minus_M3_16S	L34B	34	L	minus	3M	L34B_3M
V42_plus_M7	V42_plus_M7_16S	V42	42	V	plus	7M	V42_7M
B37_minus_M3	B37_minus_M3_16S	B37	37	B	minus	3M	B37_3M
L30C_plus_M1	L30C_plus_M1_16S	L30C	30	L	plus	1M	L30C_1M
N38_minus_M3	N38_minus_M3_16S	N38	38	N	minus	3M	N38_3M
L11C_plus_M3	L11C_plus_M3_16S	L11C	11	L	plus	3M	L11C_3M
L6C_minus_M1	L6C_minus_M1_16S	L6C	6	L	minus	1M	L6C_1M
L6D_minus_M1	L6D_minus_M1_16S	L6D	6	L	minus	1M	L6D_1M
L32A_plus_M3	L32A_plus_M3_16S	L32A	32	L	plus	3M	L32A_3M
L14A_plus_M1	L14A_plus_M1_16S	L14A	14	L	plus	1M	L14A_1M
L4C_minus_M1	L4C_minus_M1_16S	L4C	4	L	minus	1M	L4C_1M
L22A_minus_M7	L22A_minus_M7_16S	L22A	22	L	minus	7M	L22A_7M
V44_plus_M1	V44_plus_M1_16S	V44	44	V	plus	1M	V44_1M
N14_plus_M1	N14_plus_M1_16S	N14	14	N	plus	1M	N14_1M
V35_minus_M3	V35_minus_M3_16S	V35	35	V	minus	3M	V35_3M
B18_plus_M7	B18_plus_M7_16S	B18	18	B	plus	7M	B18_7M
V4_minus_M1	V4_minus_M1_16S	V4	4	V	minus	1M	V4_1M
L7C_minus_M3	L7C_minus_M3_16S	L7C	7	L	minus	3M	L7C_3M
L38D_minus_M7	L38D_minus_M7_16S	L38D	38	L	minus	7M	L38D_7M
B9_plus_M3	B9_plus_M3_16S	B9	9	B	plus	3M	B9_3M
N12_plus_M1	N12_plus_M1_16S	N12	12	N	plus	1M	N12_1M
L19B_minus_M1	L19B_minus_M1_16S	L19B	19	L	minus	1M	L19B_1M
L11B_plus_M3	L11B_plus_M3_16S	L11B	11	L	plus	3M	L11B_3M
V22_minus_M3	V22_minus_M3_16S	V22	22	V	minus	3M	V22_3M
B24_minus_S1	B24_minus_S1_16S	B24	24	B	minus	1S	B24_1S
L26C_plus_M7	L26C_plus_M7_16S	L26C	26	L	plus	7M	L26C_7M
B1_minus_M7	B1_minus_M7_16S	B1	1	B	minus	7M	B1_7M
B18_plus_S1	B18_plus_S1_16S	B18	18	B	plus	1S	B18_1S
B42_plus_M7	B42_plus_M7_16S	B42	42	B	plus	7M	B42_7M
N33_minus_S1	N33_minus_S1_16S	N33	33	N	minus	1S	N33_1S
L43C_plus_M7	L43C_plus_M7_16S	L43C	43	L	plus	7M	L43C_7M
L9B_plus_M7	L9B_plus_M7_16S	L9B	9	L	plus	7M	L9B_7M
V11_plus_M1	V11_plus_M1_16S	V11	11	V	plus	1M	V11_1M
L18A_plus_M7	L18A_plus_M7_16S	L18A	18	L	plus	7M	L18A_7M
L19D_minus_M3	L19D_minus_M3_16S	L19D	19	L	minus	3M	L19D_3M
L9B_plus_M3	L9B_plus_M3_16S	L9B	9	L	plus	3M	L9B_3M
L7B_minus_M7	L7B_minus_M7_16S	L7B	7	L	minus	7M	L7B_7M
N19_minus_M3	N19_minus_M3_16S	N19	19	N	minus	3M	N19_3M
L25B_plus_M7	L25B_plus_M7_16S	L25B	25	L	plus	7M	L25B_7M
L41B_plus_M1	L41B_plus_M1_16S	L41B	41	L	plus	1M	L41B_1M
N12_plus_S1	N12_plus_S1_16S	N12	12	N	plus	1S	N12_1S
B3_minus_M7	B3_minus_M7_16S	B3	3	B	minus	7M	B3_7M
B36_minus_S1	B36_minus_S1_16S	B36	36	B	minus	1S	B36_1S
V37_minus_M7	V37_minus_M7_16S	V37	37	V	minus	7M	V37_7M
N28_plus_M3	N28_plus_M3_16S	N28	28	N	plus	3M	N28_3M
B8_plus_M7	B8_plus_M7_16S	B8	8	B	plus	7M	B8_7M
L21A_minus_M7	L21A_minus_M7_16S	L21A	21	L	minus	7M	L21A_7M
B38_minus_M1	B38_minus_M1_16S	B38	38	B	minus	1M	B38_1M
N28_plus_M1	N28_plus_M1_16S	N28	28	N	plus	1M	N28_1M
N32_plus_M3	N32_plus_M3_16S	N32	32	N	plus	3M	N32_3M
N41_plus_M1	N41_plus_M1_16S	N41	41	N	plus	1M	N41_1M
N40_plus_M1	N40_plus_M1_16S	N40	40	N	plus	1M	N40_1M
B10_plus_S1	B10_plus_S1_16S	B10	10	B	plus	1S	B10_1S
L1A_minus_M7	L1A_minus_M7_16S	L1A	1	L	minus	7M	L1A_7M
N21_minus_M3	N21_minus_M3_16S	N21	21	N	minus	3M	N21_3M
L18D_plus_M1	L18D_plus_M1_16S	L18D	18	L	plus	1M	L18D_1M
B40_plus_M3	B40_plus_M3_16S	B40	40	B	plus	3M	B40_3M
L17B_plus_M3	L17B_plus_M3_16S	L17B	17	L	plus	3M	L17B_3M
L28C_plus_M1	L28C_plus_M1_16S	L28C	28	L	plus	1M	L28C_1M
L25A_plus_M1	L25A_plus_M1_16S	L25A	25	L	plus	1M	L25A_1M
B32_plus_M7	B32_plus_M7_16S	B32	32	B	plus	7M	B32_7M
L3D_minus_M1	L3D_minus_M1_16S	L3D	3	L	minus	1M	L3D_1M
L13D_plus_M7	L13D_plus_M7_16S	L13D	13	L	plus	7M	L13D_7M
L33A_minus_M1	L33A_minus_M1_16S	L33A	33	L	minus	1M	L33A_1M
N38_minus_M1	N38_minus_M1_16S	N38	38	N	minus	1M	N38_1M
B32_plus_M1	B32_plus_M1_16S	B32	32	B	plus	1M	B32_1M
L5B_minus_M3	L5B_minus_M3_16S	L5B	5	L	minus	3M	L5B_3M
N14_plus_M7	N14_plus_M7_16S	N14	14	N	plus	7M	N14_7M
L38A_minus_M3	L38A_minus_M3_16S	L38A	38	L	minus	3M	L38A_3M
V23_minus_S1	V23_minus_S1_16S	V23	23	V	minus	1S	V23_1S
B3_minus_M1	B3_minus_M1_16S	B3	3	B	minus	1M	B3_1M
L11D_plus_M1	L11D_plus_M1_16S	L11D	11	L	plus	1M	L11D_1M
B23_minus_M7	B23_minus_M7_16S	B23	23	B	minus	7M	B23_7M
V5_minus_M3	V5_minus_M3_16S	V5	5	V	minus	3M	V5_3M
L7B_minus_M1	L7B_minus_M1_16S	L7B	7	L	minus	1M	L7B_1M
B19_minus_S1	B19_minus_S1_16S	B19	19	B	minus	1S	B19_1S
B34_minus_S1	B34_minus_S1_16S	B34	34	B	minus	1S	B34_1S
L40D_plus_M7	L40D_plus_M7_16S	L40D	40	L	plus	7M	L40D_7M
B44_plus_S1	B44_plus_S1_16S	B44	44	B	plus	1S	B44_1S
B29_plus_M3	B29_plus_M3_16S	B29	29	B	plus	3M	B29_3M
B7_minus_M3	B7_minus_M3_16S	B7	7	B	minus	3M	B7_3M
N41_plus_M3	N41_plus_M3_16S	N41	41	N	plus	3M	N41_3M
L26B_plus_M1	L26B_plus_M1_16S	L26B	26	L	plus	1M	L26B_1M
L28D_plus_M1	L28D_plus_M1_16S	L28D	28	L	plus	1M	L28D_1M
L13C_plus_M7	L13C_plus_M7_16S	L13C	13	L	plus	7M	L13C_7M
V39_minus_M1	V39_minus_M1_16S	V39	39	V	minus	1M	V39_1M
L32D_plus_M3	L32D_plus_M3_16S	L32D	32	L	plus	3M	L32D_3M
L35D_minus_M7	L35D_minus_M7_16S	L35D	35	L	minus	7M	L35D_7M
V27_plus_S1	V27_plus_S1_16S	V27	27	V	plus	1S	V27_1S
L18C_plus_M3	L18C_plus_M3_16S	L18C	18	L	plus	3M	L18C_3M
B24_minus_M7	B24_minus_M7_16S	B24	24	B	minus	7M	B24_7M
L5D_minus_M7	L5D_minus_M7_16S	L5D	5	L	minus	7M	L5D_7M
N1_minus_M7	N1_minus_M7_16S	N1	1	N	minus	7M	N1_7M
L37C_minus_M7	L37C_minus_M7_16S	L37C	37	L	minus	7M	L37C_7M
L37A_minus_M1	L37A_minus_M1_16S	L37A	37	L	minus	1M	L37A_1M
L14D_plus_M1	L14D_plus_M1_16S	L14D	14	L	plus	1M	L14D_1M
N13_plus_M3	N13_plus_M3_16S	N13	13	N	plus	3M	N13_3M
L22C_minus_M7	L22C_minus_M7_16S	L22C	22	L	minus	7M	L22C_7M
L17C_plus_M3	L17C_plus_M3_16S	L17C	17	L	plus	3M	L17C_3M
L29D_plus_M1	L29D_plus_M1_16S	L29D	29	L	plus	1M	L29D_1M
L22D_minus_M3	L22D_minus_M3_16S	L22D	22	L	minus	3M	L22D_3M
B12_plus_M7	B12_plus_M7_16S	B12	12	B	plus	7M	B12_7M
N30_plus_M1	N30_plus_M1_16S	N30	30	N	plus	1M	N30_1M
V44_plus_S1	V44_plus_S1_16S	V44	44	V	plus	1S	V44_1S
N6_minus_M3	N6_minus_M3_16S	N6	6	N	minus	3M	N6_3M
L4D_minus_M3	L4D_minus_M3_16S	L4D	4	L	minus	3M	L4D_3M
V26_plus_M1	V26_plus_M1_16S	V26	26	V	plus	1M	V26_1M
L41D_plus_M3	L41D_plus_M3_16S	L41D	41	L	plus	3M	L41D_3M
B1_minus_M1	B1_minus_M1_16S	B1	1	B	minus	1M	B1_1M
L9A_plus_M7	L9A_plus_M7_16S	L9A	9	L	plus	7M	L9A_7M
L38A_minus_M1	L38A_minus_M1_16S	L38A	38	L	minus	1M	L38A_1M
N11_plus_M3	N11_plus_M3_16S	N11	11	N	plus	3M	N11_3M
B41_plus_M3	B41_plus_M3_16S	B41	41	B	plus	3M	B41_3M
L4A_minus_M1	L4A_minus_M1_16S	L4A	4	L	minus	1M	L4A_1M
L8D_plus_M7	L8D_plus_M7_16S	L8D	8	L	plus	7M	L8D_7M
L36C_minus_M1	L36C_minus_M1_16S	L36C	36	L	minus	1M	L36C_1M
V43_plus_M1	V43_plus_M1_16S	V43	43	V	plus	1M	V43_1M
L41C_plus_M1	L41C_plus_M1_16S	L41C	41	L	plus	1M	L41C_1M
B2_minus_M7	B2_minus_M7_16S	B2	2	B	minus	7M	B2_7M
B9_plus_M1	B9_plus_M1_16S	B9	9	B	plus	1M	B9_1M
N26_plus_S1	N26_plus_S1_16S	N26	26	N	plus	1S	N26_1S
V31_plus_M1	V31_plus_M1_16S	V31	31	V	plus	1M	V31_1M
V41_plus_S1	V41_plus_S1_16S	V41	41	V	plus	1S	V41_1S
B17_plus_M3	B17_plus_M3_16S	B17	17	B	plus	3M	B17_3M
B43_plus_M7	B43_plus_M7_16S	B43	43	B	plus	7M	B43_7M
B41_plus_M7	B41_plus_M7_16S	B41	41	B	plus	7M	B41_7M
L37A_minus_M7	L37A_minus_M7_16S	L37A	37	L	minus	7M	L37A_7M
B42_plus_M3	B42_plus_M3_16S	B42	42	B	plus	3M	B42_3M
V31_plus_M7	V31_plus_M7_16S	V31	31	V	plus	7M	V31_7M
L40A_plus_M3	L40A_plus_M3_16S	L40A	40	L	plus	3M	L40A_3M
L23C_minus_M7	L23C_minus_M7_16S	L23C	23	L	minus	7M	L23C_7M
N4_minus_M7	N4_minus_M7_16S	N4	4	N	minus	7M	N4_7M
L15D_plus_M7	L15D_plus_M7_16S	L15D	15	L	plus	7M	L15D_7M
N44_plus_S1	N44_plus_S1_16S	N44	44	N	plus	1S	N44_1S
L26A_plus_M3	L26A_plus_M3_16S	L26A	26	L	plus	3M	L26A_3M
B41_plus_S1	B41_plus_S1_16S	B41	41	B	plus	1S	B41_1S
L14C_plus_M1	L14C_plus_M1_16S	L14C	14	L	plus	1M	L14C_1M
L1A_minus_M1	L1A_minus_M1_16S	L1A	1	L	minus	1M	L1A_1M
V32_plus_S1	V32_plus_S1_16S	V32	32	V	plus	1S	V32_1S
B2_minus_M3	B2_minus_M3_16S	B2	2	B	minus	3M	B2_3M
V21_minus_S1	V21_minus_S1_16S	V21	21	V	minus	1S	V21_1S
L38B_minus_M1	L38B_minus_M1_16S	L38B	38	L	minus	1M	L38B_1M
L16A_plus_M3	L16A_plus_M3_16S	L16A	16	L	plus	3M	L16A_3M
L44D_plus_M1	L44D_plus_M1_16S	L44D	44	L	plus	1M	L44D_1M
N34_minus_S1	N34_minus_S1_16S	N34	34	N	minus	1S	N34_1S
L16B_plus_M1	L16B_plus_M1_16S	L16B	16	L	plus	1M	L16B_1M
B45_plus_M1	B45_plus_M1_16S	B45	45	B	plus	1M	B45_1M
L7A_minus_M1	L7A_minus_M1_16S	L7A	7	L	minus	1M	L7A_1M
N38_minus_M7	N38_minus_M7_16S	N38	38	N	minus	7M	N38_7M
L23D_minus_M3	L23D_minus_M3_16S	L23D	23	L	minus	3M	L23D_3M
L18A_plus_M1	L18A_plus_M1_16S	L18A	18	L	plus	1M	L18A_1M
L22C_minus_M1	L22C_minus_M1_16S	L22C	22	L	minus	1M	L22C_1M
L20B_minus_M1	L20B_minus_M1_16S	L20B	20	L	minus	1M	L20B_1M
L37B_minus_M3	L37B_minus_M3_16S	L37B	37	L	minus	3M	L37B_3M
L16A_plus_M7	L16A_plus_M7_16S	L16A	16	L	plus	7M	L16A_7M
V15_plus_M7	V15_plus_M7_16S	V15	15	V	plus	7M	V15_7M
L1C_minus_M7	L1C_minus_M7_16S	L1C	1	L	minus	7M	L1C_7M
L44B_plus_M7	L44B_plus_M7_16S	L44B	44	L	plus	7M	L44B_7M
B22_minus_M3	B22_minus_M3_16S	B22	22	B	minus	3M	B22_3M
N10_plus_S1	N10_plus_S1_16S	N10	10	N	plus	1S	N10_1S
V18_plus_M1	V18_plus_M1_16S	V18	18	V	plus	1M	V18_1M
L12C_plus_M7	L12C_plus_M7_16S	L12C	12	L	plus	7M	L12C_7M
N31_plus_S1	N31_plus_S1_16S	N31	31	N	plus	1S	N31_1S
N5_minus_M1	N5_minus_M1_16S	N5	5	N	minus	1M	N5_1M
N2_minus_M7	N2_minus_M7_16S	N2	2	N	minus	7M	N2_7M
L35A_minus_M7	L35A_minus_M7_16S	L35A	35	L	minus	7M	L35A_7M
L9C_plus_M7	L9C_plus_M7_16S	L9C	9	L	plus	7M	L9C_7M
L39C_minus_M1	L39C_minus_M1_16S	L39C	39	L	minus	1M	L39C_1M
V6_minus_M7	V6_minus_M7_16S	V6	6	V	minus	7M	V6_7M
L21A_minus_M1	L21A_minus_M1_16S	L21A	21	L	minus	1M	L21A_1M
N25_plus_S1	N25_plus_S1_16S	N25	25	N	plus	1S	N25_1S
V28_plus_M3	V28_plus_M3_16S	V28	28	V	plus	3M	V28_3M
B15_plus_M3	B15_plus_M3_16S	B15	15	B	plus	3M	B15_3M
V2_minus_M7	V2_minus_M7_16S	V2	2	V	minus	7M	V2_7M
L33D_minus_M3	L33D_minus_M3_16S	L33D	33	L	minus	3M	L33D_3M
L39D_minus_M3	L39D_minus_M3_16S	L39D	39	L	minus	3M	L39D_3M
L34A_minus_M7	L34A_minus_M7_16S	L34A	34	L	minus	7M	L34A_7M
B40_plus_S1	B40_plus_S1_16S	B40	40	B	plus	1S	B40_1S
L23C_minus_M1	L23C_minus_M1_16S	L23C	23	L	minus	1M	L23C_1M
V15_plus_M1	V15_plus_M1_16S	V15	15	V	plus	1M	V15_1M
V25_plus_M1	V25_plus_M1_16S	V25	25	V	plus	1M	V25_1M
L8D_plus_M3	L8D_plus_M3_16S	L8D	8	L	plus	3M	L8D_3M
L44D_plus_M3	L44D_plus_M3_16S	L44D	44	L	plus	3M	L44D_3M
L19B_minus_M3	L19B_minus_M3_16S	L19B	19	L	minus	3M	L19B_3M
L38C_minus_M3	L38C_minus_M3_16S	L38C	38	L	minus	3M	L38C_3M
L42B_plus_M7	L42B_plus_M7_16S	L42B	42	L	plus	7M	L42B_7M
L21B_minus_M7	L21B_minus_M7_16S	L21B	21	L	minus	7M	L21B_7M
N11_plus_M1	N11_plus_M1_16S	N11	11	N	plus	1M	N11_1M
L44A_plus_M3	L44A_plus_M3_16S	L44A	44	L	plus	3M	L44A_3M
L10A_plus_M7	L10A_plus_M7_16S	L10A	10	L	plus	7M	L10A_7M
L41D_plus_M1	L41D_plus_M1_16S	L41D	41	L	plus	1M	L41D_1M
L8C_plus_M1	L8C_plus_M1_16S	L8C	8	L	plus	1M	L8C_1M
L27D_plus_M3	L27D_plus_M3_16S	L27D	27	L	plus	3M	L27D_3M
V31_plus_M3	V31_plus_M3_16S	V31	31	V	plus	3M	V31_3M
B9_plus_S1	B9_plus_S1_16S	B9	9	B	plus	1S	B9_1S
L21D_minus_M7	L21D_minus_M7_16S	L21D	21	L	minus	7M	L21D_7M
L6A_minus_M3	L6A_minus_M3_16S	L6A	6	L	minus	3M	L6A_3M
L35D_minus_M1	L35D_minus_M1_16S	L35D	35	L	minus	1M	L35D_1M
B20_minus_M1	B20_minus_M1_16S	B20	20	B	minus	1M	B20_1M
N44_plus_M1	N44_plus_M1_16S	N44	44	N	plus	1M	N44_1M
L3C_minus_M1	L3C_minus_M1_16S	L3C	3	L	minus	1M	L3C_1M
L34C_minus_M3	L34C_minus_M3_16S	L34C	34	L	minus	3M	L34C_3M
L12D_plus_M3	L12D_plus_M3_16S	L12D	12	L	plus	3M	L12D_3M
B22_minus_S1	B22_minus_S1_16S	B22	22	B	minus	1S	B22_1S
N26_plus_M7	N26_plus_M7_16S	N26	26	N	plus	7M	N26_7M
L37C_minus_M1	L37C_minus_M1_16S	L37C	37	L	minus	1M	L37C_1M
L28D_plus_M7	L28D_plus_M7_16S	L28D	28	L	plus	7M	L28D_7M
L20C_minus_M1	L20C_minus_M1_16S	L20C	20	L	minus	1M	L20C_1M
B43_plus_M1	B43_plus_M1_16S	B43	43	B	plus	1M	B43_1M
L19C_minus_M7	L19C_minus_M7_16S	L19C	19	L	minus	7M	L19C_7M
N6_minus_S1	N6_minus_S1_16S	N6	6	N	minus	1S	N6_1S
L40B_plus_M7	L40B_plus_M7_16S	L40B	40	L	plus	7M	L40B_7M
L36B_minus_M3	L36B_minus_M3_16S	L36B	36	L	minus	3M	L36B_3M
L21C_minus_M3	L21C_minus_M3_16S	L21C	21	L	minus	3M	L21C_3M
L6A_minus_M7	L6A_minus_M7_16S	L6A	6	L	minus	7M	L6A_7M
L24D_minus_M7	L24D_minus_M7_16S	L24D	24	L	minus	7M	L24D_7M
L10D_plus_M3	L10D_plus_M3_16S	L10D	10	L	plus	3M	L10D_3M
V9_plus_M7	V9_plus_M7_16S	V9	9	V	plus	7M	V9_7M
B17_plus_S1	B17_plus_S1_16S	B17	17	B	plus	1S	B17_1S
N14_plus_S1	N14_plus_S1_16S	N14	14	N	plus	1S	N14_1S
L25A_plus_M7	L25A_plus_M7_16S	L25A	25	L	plus	7M	L25A_7M
L35B_minus_M1	L35B_minus_M1_16S	L35B	35	L	minus	1M	L35B_1M
L2D_minus_M1	L2D_minus_M1_16S	L2D	2	L	minus	1M	L2D_1M
B45_plus_S1	B45_plus_S1_16S	B45	45	B	plus	1S	B45_1S
V17_plus_M3	V17_plus_M3_16S	V17	17	V	plus	3M	V17_3M
L15A_plus_M7	L15A_plus_M7_16S	L15A	15	L	plus	7M	L15A_7M
V8_plus_M3	V8_plus_M3_16S	V8	8	V	plus	3M	V8_3M
L43C_plus_M3	L43C_plus_M3_16S	L43C	43	L	plus	3M	L43C_3M
N8_plus_M1	N8_plus_M1_16S	N8	8	N	plus	1M	N8_1M
L27C_plus_M3	L27C_plus_M3_16S	L27C	27	L	plus	3M	L27C_3M
B36_minus_M1	B36_minus_M1_16S	B36	36	B	minus	1M	B36_1M
N19_minus_M7	N19_minus_M7_16S	N19	19	N	minus	7M	N19_7M
N42_plus_M7	N42_plus_M7_16S	N42	42	N	plus	7M	N42_7M
L4C_minus_M7	L4C_minus_M7_16S	L4C	4	L	minus	7M	L4C_7M
L10D_plus_M1	L10D_plus_M1_16S	L10D	10	L	plus	1M	L10D_1M
V14_plus_M7	V14_plus_M7_16S	V14	14	V	plus	7M	V14_7M
L31C_plus_M3	L31C_plus_M3_16S	L31C	31	L	plus	3M	L31C_3M
B10_plus_M7	B10_plus_M7_16S	B10	10	B	plus	7M	B10_7M
L6D_minus_M3	L6D_minus_M3_16S	L6D	6	L	minus	3M	L6D_3M
L16D_plus_M7	L16D_plus_M7_16S	L16D	16	L	plus	7M	L16D_7M
V40_plus_M3	V40_plus_M3_16S	V40	40	V	plus	3M	V40_3M
N30_plus_S1	N30_plus_S1_16S	N30	30	N	plus	1S	N30_1S
L10B_plus_M3	L10B_plus_M3_16S	L10B	10	L	plus	3M	L10B_3M
L3A_minus_M7	L3A_minus_M7_16S	L3A	3	L	minus	7M	L3A_7M
N40_plus_S1	N40_plus_S1_16S	N40	40	N	plus	1S	N40_1S
L11C_plus_M7	L11C_plus_M7_16S	L11C	11	L	plus	7M	L11C_7M
N20_minus_M1	N20_minus_M1_16S	N20	20	N	minus	1M	N20_1M
N16_plus_M1	N16_plus_M1_16S	N16	16	N	plus	1M	N16_1M
L32B_plus_M1	L32B_plus_M1_16S	L32B	32	L	plus	1M	L32B_1M
B28_plus_M7	B28_plus_M7_16S	B28	28	B	plus	7M	B28_7M
B27_plus_M7	B27_plus_M7_16S	B27	27	B	plus	7M	B27_7M
V14_plus_M3	V14_plus_M3_16S	V14	14	V	plus	3M	V14_3M
L32A_plus_M7	L32A_plus_M7_16S	L32A	32	L	plus	7M	L32A_7M
L23D_minus_M1	L23D_minus_M1_16S	L23D	23	L	minus	1M	L23D_1M
B30_plus_M7	B30_plus_M7_16S	B30	30	B	plus	7M	B30_7M
V43_plus_M3	V43_plus_M3_16S	V43	43	V	plus	3M	V43_3M
L3B_minus_M7	L3B_minus_M7_16S	L3B	3	L	minus	7M	L3B_7M
L42B_plus_M1	L42B_plus_M1_16S	L42B	42	L	plus	1M	L42B_1M
L22C_minus_M3	L22C_minus_M3_16S	L22C	22	L	minus	3M	L22C_3M
N31_plus_M1	N31_plus_M1_16S	N31	31	N	plus	1M	N31_1M
V9_plus_M3	V9_plus_M3_16S	V9	9	V	plus	3M	V9_3M
B27_plus_M1	B27_plus_M1_16S	B27	27	B	plus	1M	B27_1M
V1_minus_M3	V1_minus_M3_16S	V1	1	V	minus	3M	V1_3M
V14_plus_M1	V14_plus_M1_16S	V14	14	V	plus	1M	V14_1M
L25C_plus_M7	L25C_plus_M7_16S	L25C	25	L	plus	7M	L25C_7M
L15B_plus_M1	L15B_plus_M1_16S	L15B	15	L	plus	1M	L15B_1M
N45_plus_M1	N45_plus_M1_16S	N45	45	N	plus	1M	N45_1M
L42A_plus_M7	L42A_plus_M7_16S	L42A	42	L	plus	7M	L42A_7M
L26B_plus_M7	L26B_plus_M7_16S	L26B	26	L	plus	7M	L26B_7M
V30_plus_S1	V30_plus_S1_16S	V30	30	V	plus	1S	V30_1S
N41_plus_S1	N41_plus_S1_16S	N41	41	N	plus	1S	N41_1S
N11_plus_S1	N11_plus_S1_16S	N11	11	N	plus	1S	N11_1S
L3D_minus_M3	L3D_minus_M3_16S	L3D	3	L	minus	3M	L3D_3M
L39D_minus_M1	L39D_minus_M1_16S	L39D	39	L	minus	1M	L39D_1M
L30B_plus_M3	L30B_plus_M3_16S	L30B	30	L	plus	3M	L30B_3M
B6_minus_M1	B6_minus_M1_16S	B6	6	B	minus	1M	B6_1M
L29A_plus_M1	L29A_plus_M1_16S	L29A	29	L	plus	1M	L29A_1M
L1D_minus_M1	L1D_minus_M1_16S	L1D	1	L	minus	1M	L1D_1M
B38_minus_M7	B38_minus_M7_16S	B38	38	B	minus	7M	B38_7M
L16D_plus_M1	L16D_plus_M1_16S	L16D	16	L	plus	1M	L16D_1M
B31_plus_M1	B31_plus_M1_16S	B31	31	B	plus	1M	B31_1M
B4_minus_M1	B4_minus_M1_16S	B4	4	B	minus	1M	B4_1M
L3C_minus_M3	L3C_minus_M3_16S	L3C	3	L	minus	3M	L3C_3M
B21_minus_M3	B21_minus_M3_16S	B21	21	B	minus	3M	B21_3M
N29_plus_M7	N29_plus_M7_16S	N29	29	N	plus	7M	N29_7M
L25C_plus_M3	L25C_plus_M3_16S	L25C	25	L	plus	3M	L25C_3M
V44_plus_M3	V44_plus_M3_16S	V44	44	V	plus	3M	V44_3M
L35B_minus_M3	L35B_minus_M3_16S	L35B	35	L	minus	3M	L35B_3M
L35D_minus_M3	L35D_minus_M3_16S	L35D	35	L	minus	3M	L35D_3M
B25_plus_M3	B25_plus_M3_16S	B25	25	B	plus	3M	B25_3M
L17A_plus_M3	L17A_plus_M3_16S	L17A	17	L	plus	3M	L17A_3M
L11B_plus_M1	L11B_plus_M1_16S	L11B	11	L	plus	1M	L11B_1M
L24D_minus_M3	L24D_minus_M3_16S	L24D	24	L	minus	3M	L24D_3M
V1_minus_M7	V1_minus_M7_16S	V1	1	V	minus	7M	V1_7M
L18B_plus_M1	L18B_plus_M1_16S	L18B	18	L	plus	1M	L18B_1M
B26_plus_M1	B26_plus_M1_16S	B26	26	B	plus	1M	B26_1M
L42A_plus_M1	L42A_plus_M1_16S	L42A	42	L	plus	1M	L42A_1M
N23_minus_M3	N23_minus_M3_16S	N23	23	N	minus	3M	N23_3M
N30_plus_M7	N30_plus_M7_16S	N30	30	N	plus	7M	N30_7M
L18D_plus_M3	L18D_plus_M3_16S	L18D	18	L	plus	3M	L18D_3M
L31B_plus_M1	L31B_plus_M1_16S	L31B	31	L	plus	1M	L31B_1M
L2A_minus_M3	L2A_minus_M3_16S	L2A	2	L	minus	3M	L2A_3M
V25_plus_S1	V25_plus_S1_16S	V25	25	V	plus	1S	V25_1S
L6C_minus_M7	L6C_minus_M7_16S	L6C	6	L	minus	7M	L6C_7M
B35_minus_M1	B35_minus_M1_16S	B35	35	B	minus	1M	B35_1M
V6_minus_M3	V6_minus_M3_16S	V6	6	V	minus	3M	V6_3M
B40_plus_M1	B40_plus_M1_16S	B40	40	B	plus	1M	B40_1M
L15A_plus_M1	L15A_plus_M1_16S	L15A	15	L	plus	1M	L15A_1M
V36_minus_S1	V36_minus_S1_16S	V36	36	V	minus	1S	V36_1S
L9A_plus_M1	L9A_plus_M1_16S	L9A	9	L	plus	1M	L9A_1M
L26B_plus_M3	L26B_plus_M3_16S	L26B	26	L	plus	3M	L26B_3M
L29C_plus_M7	L29C_plus_M7_16S	L29C	29	L	plus	7M	L29C_7M
L41C_plus_M7	L41C_plus_M7_16S	L41C	41	L	plus	7M	L41C_7M
L12A_plus_M1	L12A_plus_M1_16S	L12A	12	L	plus	1M	L12A_1M
L17A_plus_M1	L17A_plus_M1_16S	L17A	17	L	plus	1M	L17A_1M
L40C_plus_M3	L40C_plus_M3_16S	L40C	40	L	plus	3M	L40C_3M
V10_plus_M3	V10_plus_M3_16S	V10	10	V	plus	3M	V10_3M
B28_plus_M1	B28_plus_M1_16S	B28	28	B	plus	1M	B28_1M
L33B_minus_M3	L33B_minus_M3_16S	L33B	33	L	minus	3M	L33B_3M
L40C_plus_M1	L40C_plus_M1_16S	L40C	40	L	plus	1M	L40C_1M
L23B_minus_M3	L23B_minus_M3_16S	L23B	23	L	minus	3M	L23B_3M
V12_plus_M1	V12_plus_M1_16S	V12	12	V	plus	1M	V12_1M
N15_plus_M3	N15_plus_M3_16S	N15	15	N	plus	3M	N15_3M
B29_plus_M1	B29_plus_M1_16S	B29	29	B	plus	1M	B29_1M
L35C_minus_M3	L35C_minus_M3_16S	L35C	35	L	minus	3M	L35C_3M
V15_plus_M3	V15_plus_M3_16S	V15	15	V	plus	3M	V15_3M
L15D_plus_M1	L15D_plus_M1_16S	L15D	15	L	plus	1M	L15D_1M
L15C_plus_M7	L15C_plus_M7_16S	L15C	15	L	plus	7M	L15C_7M
N20_minus_M7	N20_minus_M7_16S	N20	20	N	minus	7M	N20_7M
V10_plus_M7	V10_plus_M7_16S	V10	10	V	plus	7M	V10_7M
V13_plus_M3	V13_plus_M3_16S	V13	13	V	plus	3M	V13_3M
N24_minus_S1	N24_minus_S1_16S	N24	24	N	minus	1S	N24_1S
B35_minus_M3	B35_minus_M3_16S	B35	35	B	minus	3M	B35_3M
B26_plus_S1	B26_plus_S1_16S	B26	26	B	plus	1S	B26_1S
B36_minus_M3	B36_minus_M3_16S	B36	36	B	minus	3M	B36_3M
V19_minus_M7	V19_minus_M7_16S	V19	19	V	minus	7M	V19_7M
B13_plus_M1	B13_plus_M1_16S	B13	13	B	plus	1M	B13_1M
L21D_minus_M1	L21D_minus_M1_16S	L21D	21	L	minus	1M	L21D_1M
L14C_plus_M7	L14C_plus_M7_16S	L14C	14	L	plus	7M	L14C_7M
N23_minus_S1	N23_minus_S1_16S	N23	23	N	minus	1S	N23_1S
L27C_plus_M1	L27C_plus_M1_16S	L27C	27	L	plus	1M	L27C_1M
L43B_plus_M1	L43B_plus_M1_16S	L43B	43	L	plus	1M	L43B_1M
L7A_minus_M7	L7A_minus_M7_16S	L7A	7	L	minus	7M	L7A_7M
L40B_plus_M1	L40B_plus_M1_16S	L40B	40	L	plus	1M	L40B_1M
L12D_plus_M7	L12D_plus_M7_16S	L12D	12	L	plus	7M	L12D_7M
B31_plus_M3	B31_plus_M3_16S	B31	31	B	plus	3M	B31_3M
N34_minus_M3	N34_minus_M3_16S	N34	34	N	minus	3M	N34_3M
L31D_plus_M7	L31D_plus_M7_16S	L31D	31	L	plus	7M	L31D_7M
L41C_plus_M3	L41C_plus_M3_16S	L41C	41	L	plus	3M	L41C_3M
B16_plus_S1	B16_plus_S1_16S	B16	16	B	plus	1S	B16_1S
V13_plus_M1	V13_plus_M1_16S	V13	13	V	plus	1M	V13_1M
L19B_minus_M7	L19B_minus_M7_16S	L19B	19	L	minus	7M	L19B_7M
V33_minus_M1	V33_minus_M1_16S	V33	33	V	minus	1M	V33_1M
L38A_minus_M7	L38A_minus_M7_16S	L38A	38	L	minus	7M	L38A_7M
V24_minus_M1	V24_minus_M1_16S	V24	24	V	minus	1M	V24_1M
L12B_plus_M7	L12B_plus_M7_16S	L12B	12	L	plus	7M	L12B_7M
L2A_minus_M1	L2A_minus_M1_16S	L2A	2	L	minus	1M	L2A_1M
L31C_plus_M1	L31C_plus_M1_16S	L31C	31	L	plus	1M	L31C_1M
L21C_minus_M7	L21C_minus_M7_16S	L21C	21	L	minus	7M	L21C_7M
V29_plus_M3	V29_plus_M3_16S	V29	29	V	plus	3M	V29_3M
V42_plus_M3	V42_plus_M3_16S	V42	42	V	plus	3M	V42_3M
N17_plus_M1	N17_plus_M1_16S	N17	17	N	plus	1M	N17_1M
L32C_plus_M3	L32C_plus_M3_16S	L32C	32	L	plus	3M	L32C_3M
N1_minus_S1	N1_minus_S1_16S	N1	1	N	minus	1S	N1_1S
L12D_plus_M1	L12D_plus_M1_16S	L12D	12	L	plus	1M	L12D_1M
V25_plus_M3	V25_plus_M3_16S	V25	25	V	plus	3M	V25_3M
B14_plus_M1	B14_plus_M1_16S	B14	14	B	plus	1M	B14_1M
N5_minus_M7	N5_minus_M7_16S	N5	5	N	minus	7M	N5_7M
L37B_minus_M7	L37B_minus_M7_16S	L37B	37	L	minus	7M	L37B_7M
N6_minus_M7	N6_minus_M7_16S	N6	6	N	minus	7M	N6_7M
L11B_plus_M7	L11B_plus_M7_16S	L11B	11	L	plus	7M	L11B_7M
L28C_plus_M3	L28C_plus_M3_16S	L28C	28	L	plus	3M	L28C_3M
V10_plus_M1	V10_plus_M1_16S	V10	10	V	plus	1M	V10_1M
L20C_minus_M7	L20C_minus_M7_16S	L20C	20	L	minus	7M	L20C_7M
L25A_plus_M3	L25A_plus_M3_16S	L25A	25	L	plus	3M	L25A_3M
L8B_plus_M3	L8B_plus_M3_16S	L8B	8	L	plus	3M	L8B_3M
L4D_minus_M7	L4D_minus_M7_16S	L4D	4	L	minus	7M	L4D_7M
L36A_minus_M3	L36A_minus_M3_16S	L36A	36	L	minus	3M	L36A_3M
L10A_plus_M3	L10A_plus_M3_16S	L10A	10	L	plus	3M	L10A_3M
V5_minus_M7	V5_minus_M7_16S	V5	5	V	minus	7M	V5_7M
N44_plus_M7	N44_plus_M7_16S	N44	44	N	plus	7M	N44_7M
N18_plus_S1	N18_plus_S1_16S	N18	18	N	plus	1S	N18_1S
L16C_plus_M1	L16C_plus_M1_16S	L16C	16	L	plus	1M	L16C_1M
V33_minus_M7	V33_minus_M7_16S	V33	33	V	minus	7M	V33_7M
L21D_minus_M3	L21D_minus_M3_16S	L21D	21	L	minus	3M	L21D_3M
L33B_minus_M1	L33B_minus_M1_16S	L33B	33	L	minus	1M	L33B_1M
L23B_minus_M7	L23B_minus_M7_16S	L23B	23	L	minus	7M	L23B_7M
B25_plus_S1	B25_plus_S1_16S	B25	25	B	plus	1S	B25_1S
L33A_minus_M3	L33A_minus_M3_16S	L33A	33	L	minus	3M	L33A_3M
L4B_minus_M1	L4B_minus_M1_16S	L4B	4	L	minus	1M	L4B_1M
B11_plus_M7	B11_plus_M7_16S	B11	11	B	plus	7M	B11_7M
L4D_minus_M1	L4D_minus_M1_16S	L4D	4	L	minus	1M	L4D_1M
N43_plus_M1	N43_plus_M1_16S	N43	43	N	plus	1M	N43_1M
B37_minus_M1	B37_minus_M1_16S	B37	37	B	minus	1M	B37_1M
B35_minus_M7	B35_minus_M7_16S	B35	35	B	minus	7M	B35_7M
L15C_plus_M1	L15C_plus_M1_16S	L15C	15	L	plus	1M	L15C_1M
N2_minus_M1	N2_minus_M1_16S	N2	2	N	minus	1M	N2_1M
L26C_plus_M1	L26C_plus_M1_16S	L26C	26	L	plus	1M	L26C_1M
V36_minus_M1	V36_minus_M1_16S	V36	36	V	minus	1M	V36_1M
L10B_plus_M1	L10B_plus_M1_16S	L10B	10	L	plus	1M	L10B_1M
L28A_plus_M1	L28A_plus_M1_16S	L28A	28	L	plus	1M	L28A_1M
N22_minus_S1	N22_minus_S1_16S	N22	22	N	minus	1S	N22_1S
B22_minus_M7	B22_minus_M7_16S	B22	22	B	minus	7M	B22_7M
L43D_plus_M1	L43D_plus_M1_16S	L43D	43	L	plus	1M	L43D_1M
L22D_minus_M1	L22D_minus_M1_16S	L22D	22	L	minus	1M	L22D_1M
B30_plus_M3	B30_plus_M3_16S	B30	30	B	plus	3M	B30_3M
B33_minus_M1	B33_minus_M1_16S	B33	33	B	minus	1M	B33_1M
V21_minus_M3	V21_minus_M3_16S	V21	21	V	minus	3M	V21_3M
L23D_minus_M7	L23D_minus_M7_16S	L23D	23	L	minus	7M	L23D_7M
L22B_minus_M7	L22B_minus_M7_16S	L22B	22	L	minus	7M	L22B_7M
L7C_minus_M7	L7C_minus_M7_16S	L7C	7	L	minus	7M	L7C_7M
L30A_plus_M1	L30A_plus_M1_16S	L30A	30	L	plus	1M	L30A_1M
L26D_plus_M1	L26D_plus_M1_16S	L26D	26	L	plus	1M	L26D_1M
V28_plus_M7	V28_plus_M7_16S	V28	28	V	plus	7M	V28_7M
L37C_minus_M3	L37C_minus_M3_16S	L37C	37	L	minus	3M	L37C_3M
L15A_plus_M3	L15A_plus_M3_16S	L15A	15	L	plus	3M	L15A_3M
V41_plus_M1	V41_plus_M1_16S	V41	41	V	plus	1M	V41_1M
L15B_plus_M7	L15B_plus_M7_16S	L15B	15	L	plus	7M	L15B_7M
L17C_plus_M1	L17C_plus_M1_16S	L17C	17	L	plus	1M	L17C_1M
N35_minus_M1	N35_minus_M1_16S	N35	35	N	minus	1M	N35_1M
B8_plus_M3	B8_plus_M3_16S	B8	8	B	plus	3M	B8_3M
L32C_plus_M1	L32C_plus_M1_16S	L32C	32	L	plus	1M	L32C_1M
L21B_minus_M3	L21B_minus_M3_16S	L21B	21	L	minus	3M	L21B_3M
L41B_plus_M3	L41B_plus_M3_16S	L41B	41	L	plus	3M	L41B_3M
L34A_minus_M1	L34A_minus_M1_16S	L34A	34	L	minus	1M	L34A_1M
L25B_plus_M3	L25B_plus_M3_16S	L25B	25	L	plus	3M	L25B_3M
B4_minus_M7	B4_minus_M7_16S	B4	4	B	minus	7M	B4_7M
N43_plus_M3	N43_plus_M3_16S	N43	43	N	plus	3M	N43_3M
N26_plus_M3	N26_plus_M3_16S	N26	26	N	plus	3M	N26_3M
L29A_plus_M7	L29A_plus_M7_16S	L29A	29	L	plus	7M	L29A_7M
L43A_plus_M1	L43A_plus_M1_16S	L43A	43	L	plus	1M	L43A_1M
N9_plus_S1	N9_plus_S1_16S	N9	9	N	plus	1S	N9_1S
L25D_plus_M3	L25D_plus_M3_16S	L25D	25	L	plus	3M	L25D_3M
L19A_minus_M7	L19A_minus_M7_16S	L19A	19	L	minus	7M	L19A_7M
V34_minus_M3	V34_minus_M3_16S	V34	34	V	minus	3M	V34_3M
L41B_plus_M7	L41B_plus_M7_16S	L41B	41	L	plus	7M	L41B_7M
N27_plus_M1	N27_plus_M1_16S	N27	27	N	plus	1M	N27_1M
L22A_minus_M1	L22A_minus_M1_16S	L22A	22	L	minus	1M	L22A_1M
L31B_plus_M7	L31B_plus_M7_16S	L31B	31	L	plus	7M	L31B_7M
V12_plus_M3	V12_plus_M3_16S	V12	12	V	plus	3M	V12_3M
B15_plus_M7	B15_plus_M7_16S	B15	15	B	plus	7M	B15_7M
B16_plus_M7	B16_plus_M7_16S	B16	16	B	plus	7M	B16_7M
B18_plus_M1	B18_plus_M1_16S	B18	18	B	plus	1M	B18_1M
L3C_minus_M7	L3C_minus_M7_16S	L3C	3	L	minus	7M	L3C_7M
L8C_plus_M3	L8C_plus_M3_16S	L8C	8	L	plus	3M	L8C_3M
N9_plus_M3	N9_plus_M3_16S	N9	9	N	plus	3M	N9_3M
L23A_minus_M7	L23A_minus_M7_16S	L23A	23	L	minus	7M	L23A_7M
B30_plus_S1	B30_plus_S1_16S	B30	30	B	plus	1S	B30_1S
B13_plus_M7	B13_plus_M7_16S	B13	13	B	plus	7M	B13_7M
N27_plus_M3	N27_plus_M3_16S	N27	27	N	plus	3M	N27_3M
N3_minus_M3	N3_minus_M3_16S	N3	3	N	minus	3M	N3_3M
L10A_plus_M1	L10A_plus_M1_16S	L10A	10	L	plus	1M	L10A_1M
L30B_plus_M7	L30B_plus_M7_16S	L30B	30	L	plus	7M	L30B_7M
L20A_minus_M3	L20A_minus_M3_16S	L20A	20	L	minus	3M	L20A_3M
B13_plus_M3	B13_plus_M3_16S	B13	13	B	plus	3M	B13_3M
N32_plus_M7	N32_plus_M7_16S	N32	32	N	plus	7M	N32_7M
V21_minus_M1	V21_minus_M1_16S	V21	21	V	minus	1M	V21_1M
B35_minus_S1	B35_minus_S1_16S	B35	35	B	minus	1S	B35_1S
B30_plus_M1	B30_plus_M1_16S	B30	30	B	plus	1M	B30_1M
N23_minus_M7	N23_minus_M7_16S	N23	23	N	minus	7M	N23_7M
N13_plus_S1	N13_plus_S1_16S	N13	13	N	plus	1S	N13_1S
N3_minus_S1	N3_minus_S1_16S	N3	3	N	minus	1S	N3_1S
N7_minus_M3	N7_minus_M3_16S	N7	7	N	minus	3M	N7_3M
B40_plus_M7	B40_plus_M7_16S	B40	40	B	plus	7M	B40_7M
N21_minus_M1	N21_minus_M1_16S	N21	21	N	minus	1M	N21_1M
L26C_plus_M3	L26C_plus_M3_16S	L26C	26	L	plus	3M	L26C_3M
L38D_minus_M1	L38D_minus_M1_16S	L38D	38	L	minus	1M	L38D_1M
V20_minus_S1	V20_minus_S1_16S	V20	20	V	minus	1S	V20_1S
N2_minus_M3	N2_minus_M3_16S	N2	2	N	minus	3M	N2_3M
L23A_minus_M1	L23A_minus_M1_16S	L23A	23	L	minus	1M	L23A_1M
B44_plus_M7	B44_plus_M7_16S	B44	44	B	plus	7M	B44_7M
L30D_plus_M7	L30D_plus_M7_16S	L30D	30	L	plus	7M	L30D_7M
B31_plus_M7	B31_plus_M7_16S	B31	31	B	plus	7M	B31_7M
L32B_plus_M7	L32B_plus_M7_16S	L32B	32	L	plus	7M	L32B_7M
N17_plus_M7	N17_plus_M7_16S	N17	17	N	plus	7M	N17_7M
V20_minus_M7	V20_minus_M7_16S	V20	20	V	minus	7M	V20_7M
B20_minus_M7	B20_minus_M7_16S	B20	20	B	minus	7M	B20_7M
N39_minus_S1	N39_minus_S1_16S	N39	39	N	minus	1S	N39_1S
B39_minus_S1	B39_minus_S1_16S	B39	39	B	minus	1S	B39_1S
L31A_plus_M1	L31A_plus_M1_16S	L31A	31	L	plus	1M	L31A_1M
L19A_minus_M3	L19A_minus_M3_16S	L19A	19	L	minus	3M	L19A_3M
N1_minus_M1	N1_minus_M1_16S	N1	1	N	minus	1M	N1_1M
L42A_plus_M3	L42A_plus_M3_16S	L42A	42	L	plus	3M	L42A_3M
L27B_plus_M3	L27B_plus_M3_16S	L27B	27	L	plus	3M	L27B_3M
L32C_plus_M7	L32C_plus_M7_16S	L32C	32	L	plus	7M	L32C_7M
N29_plus_M1	N29_plus_M1_16S	N29	29	N	plus	1M	N29_1M
L34C_minus_M1	L34C_minus_M1_16S	L34C	34	L	minus	1M	L34C_1M
L13D_plus_M1	L13D_plus_M1_16S	L13D	13	L	plus	1M	L13D_1M
L10B_plus_M7	L10B_plus_M7_16S	L10B	10	L	plus	7M	L10B_7M
L6D_minus_M7	L6D_minus_M7_16S	L6D	6	L	minus	7M	L6D_7M
B27_plus_M3	B27_plus_M3_16S	B27	27	B	plus	3M	B27_3M
N36_minus_M7	N36_minus_M7_16S	N36	36	N	minus	7M	N36_7M
L9D_plus_M3	L9D_plus_M3_16S	L9D	9	L	plus	3M	L9D_3M
N29_plus_M3	N29_plus_M3_16S	N29	29	N	plus	3M	N29_3M
N22_minus_M7	N22_minus_M7_16S	N22	22	N	minus	7M	N22_7M
B12_plus_S1	B12_plus_S1_16S	B12	12	B	plus	1S	B12_1S
L5D_minus_M3	L5D_minus_M3_16S	L5D	5	L	minus	3M	L5D_3M
L5A_minus_M3	L5A_minus_M3_16S	L5A	5	L	minus	3M	L5A_3M
L11A_plus_M3	L11A_plus_M3_16S	L11A	11	L	plus	3M	L11A_3M
L20A_minus_M1	L20A_minus_M1_16S	L20A	20	L	minus	1M	L20A_1M
L12C_plus_M3	L12C_plus_M3_16S	L12C	12	L	plus	3M	L12C_3M
L1B_minus_M1	L1B_minus_M1_16S	L1B	1	L	minus	1M	L1B_1M
B21_minus_M7	B21_minus_M7_16S	B21	21	B	minus	7M	B21_7M
L34A_minus_M3	L34A_minus_M3_16S	L34A	34	L	minus	3M	L34A_3M
L16A_plus_M1	L16A_plus_M1_16S	L16A	16	L	plus	1M	L16A_1M
L18D_plus_M7	L18D_plus_M7_16S	L18D	18	L	plus	7M	L18D_7M
L13B_plus_M1	L13B_plus_M1_16S	L13B	13	L	plus	1M	L13B_1M
L39A_minus_M3	L39A_minus_M3_16S	L39A	39	L	minus	3M	L39A_3M
L13D_plus_M3	L13D_plus_M3_16S	L13D	13	L	plus	3M	L13D_3M
B1_minus_M3	B1_minus_M3_16S	B1	1	B	minus	3M	B1_3M
V34_minus_M7	V34_minus_M7_16S	V34	34	V	minus	7M	V34_7M
L2D_minus_M7	L2D_minus_M7_16S	L2D	2	L	minus	7M	L2D_7M
N41_plus_M7	N41_plus_M7_16S	N41	41	N	plus	7M	N41_7M
N7_minus_M1	N7_minus_M1_16S	N7	7	N	minus	1M	N7_1M
L10C_plus_M3	L10C_plus_M3_16S	L10C	10	L	plus	3M	L10C_3M
L25D_plus_M1	L25D_plus_M1_16S	L25D	25	L	plus	1M	L25D_1M
N21_minus_M7	N21_minus_M7_16S	N21	21	N	minus	7M	N21_7M
L17A_plus_M7	L17A_plus_M7_16S	L17A	17	L	plus	7M	L17A_7M
L6B_minus_M7	L6B_minus_M7_16S	L6B	6	L	minus	7M	L6B_7M
L5B_minus_M7	L5B_minus_M7_16S	L5B	5	L	minus	7M	L5B_7M
L5C_minus_M1	L5C_minus_M1_16S	L5C	5	L	minus	1M	L5C_1M
L4A_minus_M7	L4A_minus_M7_16S	L4A	4	L	minus	7M	L4A_7M
N8_plus_M3	N8_plus_M3_16S	N8	8	N	plus	3M	N8_3M
L5A_minus_M7	L5A_minus_M7_16S	L5A	5	L	minus	7M	L5A_7M
L21B_minus_M1	L21B_minus_M1_16S	L21B	21	L	minus	1M	L21B_1M
N24_minus_M3	N24_minus_M3_16S	N24	24	N	minus	3M	N24_3M
N30_plus_M3	N30_plus_M3_16S	N30	30	N	plus	3M	N30_3M
B10_plus_M1	B10_plus_M1_16S	B10	10	B	plus	1M	B10_1M
L30D_plus_M1	L30D_plus_M1_16S	L30D	30	L	plus	1M	L30D_1M
L8B_plus_M1	L8B_plus_M1_16S	L8B	8	L	plus	1M	L8B_1M
L24D_minus_M1	L24D_minus_M1_16S	L24D	24	L	minus	1M	L24D_1M
L1B_minus_M7	L1B_minus_M7_16S	L1B	1	L	minus	7M	L1B_7M
N25_plus_M1	N25_plus_M1_16S	N25	25	N	plus	1M	N25_1M
V8_plus_M1	V8_plus_M1_16S	V8	8	V	plus	1M	V8_1M
L18B_plus_M7	L18B_plus_M7_16S	L18B	18	L	plus	7M	L18B_7M
L13A_plus_M3	L13A_plus_M3_16S	L13A	13	L	plus	3M	L13A_3M
V37_minus_M3	V37_minus_M3_16S	V37	37	V	minus	3M	V37_3M
L22D_minus_M7	L22D_minus_M7_16S	L22D	22	L	minus	7M	L22D_7M
N34_minus_M7	N34_minus_M7_16S	N34	34	N	minus	7M	N34_7M
B16_plus_M3	B16_plus_M3_16S	B16	16	B	plus	3M	B16_3M
B21_minus_M1	B21_minus_M1_16S	B21	21	B	minus	1M	B21_1M
L20C_minus_M3	L20C_minus_M3_16S	L20C	20	L	minus	3M	L20C_3M
V23_minus_M3	V23_minus_M3_16S	V23	23	V	minus	3M	V23_3M
L24B_minus_M3	L24B_minus_M3_16S	L24B	24	L	minus	3M	L24B_3M
N33_minus_M3	N33_minus_M3_16S	N33	33	N	minus	3M	N33_3M
V27_plus_M1	V27_plus_M1_16S	V27	27	V	plus	1M	V27_1M
L37D_minus_M1	L37D_minus_M1_16S	L37D	37	L	minus	1M	L37D_1M
L8D_plus_M1	L8D_plus_M1_16S	L8D	8	L	plus	1M	L8D_1M
V6_minus_M1	V6_minus_M1_16S	V6	6	V	minus	1M	V6_1M
B7_minus_M7	B7_minus_M7_16S	B7	7	B	minus	7M	B7_7M
B23_minus_M1	B23_minus_M1_16S	B23	23	B	minus	1M	B23_1M
N26_plus_M1	N26_plus_M1_16S	N26	26	N	plus	1M	N26_1M
L28A_plus_M7	L28A_plus_M7_16S	L28A	28	L	plus	7M	L28A_7M
B42_plus_M1	B42_plus_M1_16S	B42	42	B	plus	1M	B42_1M
V27_plus_M7	V27_plus_M7_16S	V27	27	V	plus	7M	V27_7M
B18_plus_M3	B18_plus_M3_16S	B18	18	B	plus	3M	B18_3M
L3B_minus_M3	L3B_minus_M3_16S	L3B	3	L	minus	3M	L3B_3M
L1C_minus_M1	L1C_minus_M1_16S	L1C	1	L	minus	1M	L1C_1M
L38C_minus_M7	L38C_minus_M7_16S	L38C	38	L	minus	7M	L38C_7M
L27D_plus_M7	L27D_plus_M7_16S	L27D	27	L	plus	7M	L27D_7M
N18_plus_M1	N18_plus_M1_16S	N18	18	N	plus	1M	N18_1M
N42_plus_M3	N42_plus_M3_16S	N42	42	N	plus	3M	N42_3M
L13B_plus_M7	L13B_plus_M7_16S	L13B	13	L	plus	7M	L13B_7M
L18C_plus_M1	L18C_plus_M1_16S	L18C	18	L	plus	1M	L18C_1M
B7_minus_M1	B7_minus_M1_16S	B7	7	B	minus	1M	B7_1M
L2B_minus_M1	L2B_minus_M1_16S	L2B	2	L	minus	1M	L2B_1M
L22B_minus_M1	L22B_minus_M1_16S	L22B	22	L	minus	1M	L22B_1M
B38_minus_M3	B38_minus_M3_16S	B38	38	B	minus	3M	B38_3M
V26_plus_S1	V26_plus_S1_16S	V26	26	V	plus	1S	V26_1S
V41_plus_M3	V41_plus_M3_16S	V41	41	V	plus	3M	V41_3M
L44A_plus_M1	L44A_plus_M1_16S	L44A	44	L	plus	1M	L44A_1M
B44_plus_M3	B44_plus_M3_16S	B44	44	B	plus	3M	B44_3M
N24_minus_M1	N24_minus_M1_16S	N24	24	N	minus	1M	N24_1M
L31A_plus_M3	L31A_plus_M3_16S	L31A	31	L	plus	3M	L31A_3M
L33B_minus_M7	L33B_minus_M7_16S	L33B	33	L	minus	7M	L33B_7M
N4_minus_M3	N4_minus_M3_16S	N4	4	N	minus	3M	N4_3M
L29B_plus_M1	L29B_plus_M1_16S	L29B	29	L	plus	1M	L29B_1M
N36_minus_M1	N36_minus_M1_16S	N36	36	N	minus	1M	N36_1M
L12A_plus_M7	L12A_plus_M7_16S	L12A	12	L	plus	7M	L12A_7M
L21C_minus_M1	L21C_minus_M1_16S	L21C	21	L	minus	1M	L21C_1M
N15_plus_S1	N15_plus_S1_16S	N15	15	N	plus	1S	N15_1S
N10_plus_M7	N10_plus_M7_16S	N10	10	N	plus	7M	N10_7M
B37_minus_S1	B37_minus_S1_16S	B37	37	B	minus	1S	B37_1S
N33_minus_M7	N33_minus_M7_16S	N33	33	N	minus	7M	N33_7M
L17B_plus_M1	L17B_plus_M1_16S	L17B	17	L	plus	1M	L17B_1M
L17D_plus_M1	L17D_plus_M1_16S	L17D	17	L	plus	1M	L17D_1M
B6_minus_M3	B6_minus_M3_16S	B6	6	B	minus	3M	B6_3M
B32_plus_S1	B32_plus_S1_16S	B32	32	B	plus	1S	B32_1S
N15_plus_M1	N15_plus_M1_16S	N15	15	N	plus	1M	N15_1M
N2_minus_S1	N2_minus_S1_16S	N2	2	N	minus	1S	N2_1S
B38_minus_S1	B38_minus_S1_16S	B38	38	B	minus	1S	B38_1S
B36_minus_M7	B36_minus_M7_16S	B36	36	B	minus	7M	B36_7M
L5C_minus_M7	L5C_minus_M7_16S	L5C	5	L	minus	7M	L5C_7M
N37_minus_M3	N37_minus_M3_16S	N37	37	N	minus	3M	N37_3M
N39_minus_M1	N39_minus_M1_16S	N39	39	N	minus	1M	N39_1M
B25_plus_M7	B25_plus_M7_16S	B25	25	B	plus	7M	B25_7M
V22_minus_S1	V22_minus_S1_16S	V22	22	V	minus	1S	V22_1S
L43D_plus_M3	L43D_plus_M3_16S	L43D	43	L	plus	3M	L43D_3M
L16C_plus_M7	L16C_plus_M7_16S	L16C	16	L	plus	7M	L16C_7M
N28_plus_M7	N28_plus_M7_16S	N28	28	N	plus	7M	N28_7M
V11_plus_M3	V11_plus_M3_16S	V11	11	V	plus	3M	V11_3M
L27B_plus_M1	L27B_plus_M1_16S	L27B	27	L	plus	1M	L27B_1M
L1C_minus_M3	L1C_minus_M3_16S	L1C	1	L	minus	3M	L1C_3M
L20B_minus_M7	L20B_minus_M7_16S	L20B	20	L	minus	7M	L20B_7M
L9D_plus_M7	L9D_plus_M7_16S	L9D	9	L	plus	7M	L9D_7M
L30D_plus_M3	L30D_plus_M3_16S	L30D	30	L	plus	3M	L30D_3M
N5_minus_S1	N5_minus_S1_16S	N5	5	N	minus	1S	N5_1S
B12_plus_M1	B12_plus_M1_16S	B12	12	B	plus	1M	B12_1M
L28B_plus_M3	L28B_plus_M3_16S	L28B	28	L	plus	3M	L28B_3M
V38_minus_M3	V38_minus_M3_16S	V38	38	V	minus	3M	V38_3M
N4_minus_M1	N4_minus_M1_16S	N4	4	N	minus	1M	N4_1M
L9A_plus_M3	L9A_plus_M3_16S	L9A	9	L	plus	3M	L9A_3M
L38B_minus_M7	L38B_minus_M7_16S	L38B	38	L	minus	7M	L38B_7M
B8_plus_M1	B8_plus_M1_16S	B8	8	B	plus	1M	B8_1M
L19C_minus_M1	L19C_minus_M1_16S	L19C	19	L	minus	1M	L19C_1M
N33_minus_M1	N33_minus_M1_16S	N33	33	N	minus	1M	N33_1M
L31C_plus_M7	L31C_plus_M7_16S	L31C	31	L	plus	7M	L31C_7M
B33_minus_M3	B33_minus_M3_16S	B33	33	B	minus	3M	B33_3M
L16B_plus_M7	L16B_plus_M7_16S	L16B	16	L	plus	7M	L16B_7M
L26D_plus_M3	L26D_plus_M3_16S	L26D	26	L	plus	3M	L26D_3M
L26A_plus_M1	L26A_plus_M1_16S	L26A	26	L	plus	1M	L26A_1M
B5_minus_M7	B5_minus_M7_16S	B5	5	B	minus	7M	B5_7M
L34D_minus_M3	L34D_minus_M3_16S	L34D	34	L	minus	3M	L34D_3M
L13C_plus_M3	L13C_plus_M3_16S	L13C	13	L	plus	3M	L13C_3M
N9_plus_M1	N9_plus_M1_16S	N9	9	N	plus	1M	N9_1M
B6_minus_M7	B6_minus_M7_16S	B6	6	B	minus	7M	B6_7M
N23_minus_M1	N23_minus_M1_16S	N23	23	N	minus	1M	N23_1M
L27B_plus_M7	L27B_plus_M7_16S	L27B	27	L	plus	7M	L27B_7M
V37_minus_M1	V37_minus_M1_16S	V37	37	V	minus	1M	V37_1M
B33_minus_M7	B33_minus_M7_16S	B33	33	B	minus	7M	B33_7M
L2C_minus_M7	L2C_minus_M7_16S	L2C	2	L	minus	7M	L2C_7M
B2_minus_M1	B2_minus_M1_16S	B2	2	B	minus	1M	B2_1M
N35_minus_M7	N35_minus_M7_16S	N35	35	N	minus	7M	N35_7M
L28B_plus_M1	L28B_plus_M1_16S	L28B	28	L	plus	1M	L28B_1M
N32_plus_M1	N32_plus_M1_16S	N32	32	N	plus	1M	N32_1M
V39_minus_S1	V39_minus_S1_16S	V39	39	V	minus	1S	V39_1S
L35A_minus_M1	L35A_minus_M1_16S	L35A	35	L	minus	1M	L35A_1M
N10_plus_M1	N10_plus_M1_16S	N10	10	N	plus	1M	N10_1M
N16_plus_M3	N16_plus_M3_16S	N16	16	N	plus	3M	N16_3M
B9_plus_M7	B9_plus_M7_16S	B9	9	B	plus	7M	B9_7M
B43_plus_S1	B43_plus_S1_16S	B43	43	B	plus	1S	B43_1S
L28B_plus_M7	L28B_plus_M7_16S	L28B	28	L	plus	7M	L28B_7M
B10_plus_M3	B10_plus_M3_16S	B10	10	B	plus	3M	B10_3M
L25C_plus_M1	L25C_plus_M1_16S	L25C	25	L	plus	1M	L25C_1M
L14B_plus_M7	L14B_plus_M7_16S	L14B	14	L	plus	7M	L14B_7M
V16_plus_M1	V16_plus_M1_16S	V16	16	V	plus	1M	V16_1M
N24_minus_M7	N24_minus_M7_16S	N24	24	N	minus	7M	N24_7M
L29C_plus_M3	L29C_plus_M3_16S	L29C	29	L	plus	3M	L29C_3M
B17_plus_M1	B17_plus_M1_16S	B17	17	B	plus	1M	B17_1M
L28A_plus_M3	L28A_plus_M3_16S	L28A	28	L	plus	3M	L28A_3M
B5_minus_M1	B5_minus_M1_16S	B5	5	B	minus	1M	B5_1M
V29_plus_M7	V29_plus_M7_16S	V29	29	V	plus	7M	V29_7M
L43C_plus_M1	L43C_plus_M1_16S	L43C	43	L	plus	1M	L43C_1M
L32D_plus_M7	L32D_plus_M7_16S	L32D	32	L	plus	7M	L32D_7M
V7_minus_M3	V7_minus_M3_16S	V7	7	V	minus	3M	V7_3M
L14A_plus_M3	L14A_plus_M3_16S	L14A	14	L	plus	3M	L14A_3M
L24C_minus_M1	L24C_minus_M1_16S	L24C	24	L	minus	1M	L24C_1M
V12_plus_M7	V12_plus_M7_16S	V12	12	V	plus	7M	V12_7M
B11_plus_M1	B11_plus_M1_16S	B11	11	B	plus	1M	B11_1M
L42B_plus_M3	L42B_plus_M3_16S	L42B	42	L	plus	3M	L42B_3M
L32D_plus_M1	L32D_plus_M1_16S	L32D	32	L	plus	1M	L32D_1M
V4_minus_M7	V4_minus_M7_16S	V4	4	V	minus	7M	V4_7M
V34_minus_S1	V34_minus_S1_16S	V34	34	V	minus	1S	V34_1S
L42C_plus_M3	L42C_plus_M3_16S	L42C	42	L	plus	3M	L42C_3M
V19_minus_M1	V19_minus_M1_16S	V19	19	V	minus	1M	V19_1M
B34_minus_M3	B34_minus_M3_16S	B34	34	B	minus	3M	B34_3M
B34_minus_M1	B34_minus_M1_16S	B34	34	B	minus	1M	B34_1M
V18_plus_M3	V18_plus_M3_16S	V18	18	V	plus	3M	V18_3M
L12B_plus_M1	L12B_plus_M1_16S	L12B	12	L	plus	1M	L12B_1M
L33D_minus_M1	L33D_minus_M1_16S	L33D	33	L	minus	1M	L33D_1M
N19_minus_M1	N19_minus_M1_16S	N19	19	N	minus	1M	N19_1M
L34B_minus_M1	L34B_minus_M1_16S	L34B	34	L	minus	1M	L34B_1M
L27A_plus_M3	L27A_plus_M3_16S	L27A	27	L	plus	3M	L27A_3M
N38_minus_S1	N38_minus_S1_16S	N38	38	N	minus	1S	N38_1S
L18B_plus_M3	L18B_plus_M3_16S	L18B	18	L	plus	3M	L18B_3M
L7C_minus_M1	L7C_minus_M1_16S	L7C	7	L	minus	1M	L7C_1M
V34_minus_M1	V34_minus_M1_16S	V34	34	V	minus	1M	V34_1M
N31_plus_M7	N31_plus_M7_16S	N31	31	N	plus	7M	N31_7M
B28_plus_M3	B28_plus_M3_16S	B28	28	B	plus	3M	B28_3M
V30_plus_M3	V30_plus_M3_16S	V30	30	V	plus	3M	V30_3M
V45_plus_M1	V45_plus_M1_16S	V45	45	V	plus	1M	V45_1M
N9_plus_M7	N9_plus_M7_16S	N9	9	N	plus	7M	N9_7M
B26_plus_M7	B26_plus_M7_16S	B26	26	B	plus	7M	B26_7M
V17_plus_M1	V17_plus_M1_16S	V17	17	V	plus	1M	V17_1M
B29_plus_M7	B29_plus_M7_16S	B29	29	B	plus	7M	B29_7M
B11_plus_M3	B11_plus_M3_16S	B11	11	B	plus	3M	B11_3M
L10C_plus_M7	L10C_plus_M7_16S	L10C	10	L	plus	7M	L10C_7M
B14_plus_M3	B14_plus_M3_16S	B14	14	B	plus	3M	B14_3M
L34B_minus_M7	L34B_minus_M7_16S	L34B	34	L	minus	7M	L34B_7M
N20_minus_S1	N20_minus_S1_16S	N20	20	N	minus	1S	N20_1S
L31D_plus_M1	L31D_plus_M1_16S	L31D	31	L	plus	1M	L31D_1M
B44_plus_M1	B44_plus_M1_16S	B44	44	B	plus	1M	B44_1M
L29B_plus_M7	L29B_plus_M7_16S	L29B	29	L	plus	7M	L29B_7M
B41_plus_M1	B41_plus_M1_16S	B41	41	B	plus	1M	B41_1M
B14_plus_M7	B14_plus_M7_16S	B14	14	B	plus	7M	B14_7M
L32B_plus_M3	L32B_plus_M3_16S	L32B	32	L	plus	3M	L32B_3M
N27_plus_S1	N27_plus_S1_16S	N27	27	N	plus	1S	N27_1S
L39C_minus_M3	L39C_minus_M3_16S	L39C	39	L	minus	3M	L39C_3M
L14A_plus_M7	L14A_plus_M7_16S	L14A	14	L	plus	7M	L14A_7M
L41A_plus_M3	L41A_plus_M3_16S	L41A	41	L	plus	3M	L41A_3M
N40_plus_M3	N40_plus_M3_16S	N40	40	N	plus	3M	N40_3M
L30C_plus_M7	L30C_plus_M7_16S	L30C	30	L	plus	7M	L30C_7M
L5B_minus_M1	L5B_minus_M1_16S	L5B	5	L	minus	1M	L5B_1M
